<?xml version="1.0" encoding="UTF-8" standalone="yes"?>
<addon id="plugin.video.masterani" name="Masterani" version="1.0.4" provider-name="SirTakoyaki">
    <requires>
        <import addon="xbmc.python" version="2.1.0"/>
        <import addon="script.module.metahandler" version="1.0.0" />
		<import addon="script.module.urlresolver" version="3.0.0" />
        <import addon="script.module.pyxbmct" />
    </requires>
    <extension point="xbmc.python.pluginsource" library="default.py">
        <provides>video</provides>
    </extension>
    <extension point="xbmc.addon.metadata">
        <summary lang="en">Masterani</summary>
        <description lang="en">Play Anime from Masterani.me. Please note that this addon is not developed by the authors of Masterani. Addon was created by Alleidun; this fork provides some fixes </description>
        <disclaimer>The author does not host or distribute any of the content displayed by this addon.</disclaimer>
        <platform>all</platform>
        <forum></forum>
        <website>http://www.masterani.me/</website>
    </extension>
</addon>
